,GeoLocation,station id
674060,[ 40.74275383 -74.00747359],3472.0
6387,[ 40.73172428 -74.00674436],127.0
75008,[ 40.73331967 -73.99510132],280.0
439913,[ 40.74311555 -73.98215353],540.0
523068,[ 40.77492513 -73.98266566],3159.0
109920,[ 40.68926942 -73.98912867],310.0
471080,[ 40.69681963 -73.93756926],3064.0
425593,[ 40.771522 -73.990541],530.0
641105,[ 40.6795766  -73.97854971],3417.0
70876,[ 40.69308257 -73.97178913],270.0
718898,[ 40.72019521 -74.01030064],3664.0
52495,[ 40.72317958 -73.99480012],251.0
452229,[ 40.76590936 -73.97634151],2006.0
536016,[ 40.77966809 -73.98093045],3167.0
357329,[ 40.73704984 -73.99009296],497.0
152614,[ 40.71559509 -73.9870295 ],350.0
403483,[ 40.751873 -73.977706],519.0
49730,[ 40.69327018 -73.97703874],245.0
161166,[ 40.73291553 -74.00711384],358.0
209040,[ 40.7403432  -73.98955109],402.0
107725,[ 40.71307916 -73.99851193],308.0
313449,[ 40.75640548 -73.9900262 ],477.0
13987,[ 40.72210379 -73.99724901],151.0
282076,[ 40.746745 -74.007756],459.0
285559,[ 40.71285887 -73.96590294],460.0
583063,[ 40.7806284 -73.9521667],3286.0
586232,[ 40.7857851 -73.957481 ],3292.0
638921,[ 40.6849668  -73.98620772],3411.0
687198,[ 40.8082 -73.9641],3536.0
639626,[ 40.6827549  -73.98258555],3413.0
362119,[ 40.74854862 -73.98808416],498.0
130679,[ 40.72405549 -74.00965965],328.0
197054,[ 40.74971775 -74.00295035],388.0
614142,[ 40.8008363  -73.96644925],3357.0
254143,[ 40.75255434 -73.97282625],440.0
458385,[ 40.739445 -73.976806],2012.0
336809,[ 40.73314259 -73.97573881],487.0
78810,[ 40.70764494 -73.96841526],282.0
256552,[ 40.746647 -73.993915],442.0
196012,[ 40.71273266 -74.0046073 ],387.0
423616,[ 40.7575699  -73.99098507],529.0
324671,[ 40.73935542 -73.99931783],482.0
51137,[ 40.72185379 -74.00771779],248.0
491722,[ 40.73026 -73.95394],3113.0
643992,[ 40.6859296  -74.00242364],3422.0
445375,[ 40.74444921 -73.98303529],546.0
156952,[ 40.71622644 -73.98261206],356.0
622633,[ 40.7689738  -73.95482273],3372.0
308382,[ 40.7451677  -73.98683077],474.0
243921,[ 40.74173969 -73.99415556],435.0
258192,[ 40.72740794 -73.98142006],445.0
279353,[ 40.751396 -74.005226],458.0
228461,[ 40.69580705 -73.97355569],419.0
507320,[ 40.76500525 -73.95818491],3141.0
379008,[ 40.74901271 -73.98848395],505.0
205508,[ 40.69165183 -73.9999786 ],398.0
323065,[ 40.76669671 -73.99061728],480.0
64682,[ 40.72229346 -73.99147535],265.0
597203,[ 40.7937704 -73.971888 ],3314.0
350149,[ 40.74734825 -73.99723551],494.0
85408,[ 40.73454567 -73.99074142],285.0
417303,[ 40.74765947 -73.98490707],526.0
632172,[ 40.6746957  -73.99785768],3398.0
87106,[ 40.713126 -73.984844],291.0
216266,[ 40.739323 -74.008119],405.0
147621,[ 40.73652889 -74.00618026],346.0
193474,[ 40.71494807 -74.00234482],386.0
330720,[ 40.75500254 -73.98014437],484.0
695975,[ 40.756913 -73.921631],3572.0
653873,[ 40.718822 -73.99596 ],3435.0
561045,[ 40.69102926 -73.99183363],3242.0
577824,[ 40.72951496 -73.9907527 ],3263.0
571109,[ 40.75018156 -74.00218427],3258.0
49497,[ 40.69196035 -73.96536851],244.0
286431,[ 40.73587678 -73.98205027],461.0
25576,[ 40.76068327 -73.98452729],173.0
204435,[ 40.72521311 -73.97768752],394.0
104928,[ 40.70823502 -74.00530063],306.0
687829,[ 40.6809741 -73.9710097],3537.0
616878,[ 40.6740886 -73.9787282],3361.0
395251,[ 40.74780373 -73.9734419 ],518.0
205803,[ 40.68851534 -73.9647628 ],399.0
684050,[ 40.7987859 -73.9523   ],3521.0
367486,[ 40.76228826 -73.98336183],500.0
588432,[ 40.79127  -73.964839],3295.0
464289,[ 40.711512 -74.015756],3002.0
248050,[ 40.68098339 -73.95004798],437.0
99361,[ 40.72082834 -73.97793172],302.0
368277,[ 40.744219   -73.97121214],501.0
142144,[ 40.71269042 -73.98776323],340.0
88573,[ 40.73020661 -73.99102628],293.0
715898,[ 40.74353373 -74.00367558],3658.0
391933,[ 40.75206862 -73.96784384],516.0
488892,[ 40.72557 -73.94434],3108.0
455184,[ 40.71117444 -73.99682619],2009.0
318523,[ 40.76030096 -73.99884222],478.0
32894,[ 40.74334935 -74.00681753],212.0
302921,[ 40.74345335 -74.00004031],470.0
61676,[ 40.70365182 -74.01167797],260.0
520013,[ 40.76663814 -73.95348296],3156.0
224375,[ 40.7047177  -74.00926027],415.0
238613,[ 40.72621788 -73.98379855],432.0
218630,[ 40.71076228 -73.99400398],408.0
594202,[ 40.7941654 -73.974124 ],3307.0
554658,[ 40.75724568 -73.97805914],3233.0
72116,[ 40.68650065 -73.96563307],275.0
437748,[ 40.74025878 -73.98409214],537.0
158108,[ 40.73261787 -73.99158043],357.0
432548,[ 40.70255065 -74.0127234 ],534.0
371271,[ 40.714215 -73.981346],502.0
43206,[ 40.73047309 -73.98672378],237.0
561734,[ 40.75892386 -73.96226227],3243.0
657184,[ 40.69241829 -73.98949474],3440.0
529377,[ 40.7734066  -73.97782542],3163.0
375346,[ 40.73221853 -73.98165557],504.0
188734,[ 40.73492695 -73.99200509],382.0
298832,[ 40.7652654  -73.98192338],468.0
419941,[ 40.744023 -73.976056],527.0
30199,[ 40.70905623 -74.01043382],195.0
150916,[ 40.728846 -74.008591],347.0
713035,[ 40.75272201 -73.98123622],3643.0
564344,[ 40.73143724 -73.99490342],3244.0
122739,[ 40.69236178 -73.98631746],323.0
709,[ 40.76727216 -73.99392888],72.0
139542,[ 40.73047747 -73.99906065],336.0
681010,[ 40.8011939 -73.9500739],3509.0
115318,[ 40.69383  -73.990539],314.0
514924,[ 40.77801203 -73.95407149],3147.0
55899,[ 40.73543934 -73.99453948],253.0
170916,[ 40.68900443 -73.96023854],364.0
485116,[ 40.72079821 -73.95484712],3101.0
143288,[ 40.71782143 -73.97628939],341.0
482362,[ 40.71745169 -73.95850939],3093.0
173255,[ 40.73038599 -74.00214988],368.0
531806,[ 40.7770575  -73.97898475],3164.0
162436,[ 40.75510267 -73.97498696],359.0
388349,[ 40.76087502 -74.00277668],514.0
144540,[ 40.71739973 -73.98016555],342.0
213972,[ 40.72502876 -73.99069656],403.0
252273,[ 40.7262807  -73.98978041],439.0
511529,[ 40.77632142 -73.96427393],3143.0
670978,[ 40.75668721 -73.98257732],3466.0
453998,[ 40.70569254 -74.01677685],2008.0
676294,[ 40.68841743 -73.98451656],3486.0
498733,[ 40.7671284  -73.96224618],3131.0
267577,[ 40.76227205 -73.98788205],450.0
236366,[ 40.7014851  -73.98656928],430.0
669649,[ 40.73536706 -73.98797393],3463.0
661557,[ 40.71915572 -73.94885391],3452.0
460629,[ 40.75929124 -73.98859651],2021.0
606062,[ 40.787801 -73.953559],3336.0
406302,[ 40.75992262 -73.97648516],520.0
289370,[ 40.74691959 -74.00451887],462.0
716740,[ 40.74294892 -74.00413692],3659.0
321605,[ 40.76019252 -73.9912551 ],479.0
495705,[ 40.74436329 -73.95587325],3122.0
502510,[ 40.766368 -73.971518],3136.0
128598,[ 40.7153379  -74.01658354],327.0
591395,[ 40.7919557 -73.968087 ],3301.0
521968,[ 40.77163851 -73.98261428],3158.0
496521,[ 40.74708586 -73.94977234],3125.0
701047,[ 40.66314   -73.9605695],3599.0
560688,[ 40.686203 -73.944694],3241.0
477687,[ 40.715143 -73.944507],3086.0
589689,[ 40.686371   -73.99383324],3298.0
226629,[ 40.71291224 -74.01020234],417.0
691502,[ 40.805973 -73.964928],3552.0
625216,[ 40.6786115  -73.99037292],3377.0
79498,[ 40.73901691 -74.00263761],284.0
625697,[ 40.773763   -73.96222088],3378.0
191972,[ 40.75797322 -73.96603308],385.0
581424,[ 40.7882213  -73.97041561],3283.0
449054,[ 40.73381219 -73.98054421],2003.0
1731,[ 40.71911552 -74.00666661],79.0
62553,[ 40.69474881 -73.98362464],261.0
689845,[ 40.81028506 -73.95736456],3543.0
662863,[ 40.71638032 -73.94821286],3456.0
413142,[ 40.75527307 -73.98316936],524.0
121356,[ 40.69991755 -73.98971773],321.0
610964,[ 40.7973721  -73.97041192],3350.0
113220,[ 40.722055 -73.989111],312.0
125393,[ 40.73624527 -73.98473765],325.0
106871,[ 40.71427487 -73.98990025],307.0
674478,[ 40.7252557  -74.00412083],3474.0
167402,[ 40.71605866 -73.99190759],361.0
644611,[ 40.66106337 -73.97945255],3423.0
103879,[ 40.76095756 -73.96724467],305.0
692520,[ 40.751047 -73.93797 ],3555.0
527512,[ 40.78339981 -73.98093133],3162.0
241473,[ 40.72955361 -73.98057249],433.0
365880,[ 40.76915505 -73.98191841],499.0
63536,[ 40.70706456 -74.00731853],264.0
333563,[ 40.7462009  -73.98855723],486.0
663167,[ 40.76309387 -73.97835016],3458.0
466419,[ 40.72036775 -73.96165073],3016.0
39501,[ 40.72743423 -73.99379025],229.0
683474,[ 40.804372 -73.951475],3520.0
651892,[ 40.746524 -73.977885],3431.0
447964,[ 40.716887 -73.963198],2002.0
475392,[ 40.70934 -73.95608],3080.0
409417,[ 40.75466591 -73.99138152],523.0
565959,[ 40.75058535 -73.99468482],3255.0
60572,[ 40.68940747 -73.96885458],258.0
501952,[ 40.77112927 -73.95772297],3135.0
586959,[ 40.7921 -73.9739],3293.0
217490,[ 40.69512845 -73.99595065],406.0
479831,[ 40.71774592 -73.95600096],3090.0
93176,[ 40.71413089 -73.9970468 ],296.0
628675,[ 40.6787242  -73.99599099],3384.0
259388,[ 40.74487634 -73.99529885],446.0
484237,[ 40.71924 -73.95242],3096.0
608620,[ 40.78948542 -73.95242929],3345.0
427992,[ 40.71893904 -73.99266288],531.0
270863,[ 40.74475148 -73.99915362],453.0
294969,[ 40.74395411 -73.99144871],466.0
133201,[ 40.71173107 -73.99193043],331.0
592863,[ 40.7811223  -73.94965589],3305.0
621008,[ 40.7724607 -73.9468208],3369.0
132275,[ 40.71450451 -74.00562789],330.0
695628,[ 40.676368 -73.952918],3571.0
593895,[ 40.6662078  -73.98199886],3306.0
603772,[ 40.795  -73.9645],3328.0
9580,[ 40.69239502 -73.99337909],143.0
134590,[ 40.74238787 -73.99726235],334.0
54998,[ 40.73226398 -73.99852205],252.0
613634,[ 40.7746671  -73.98470567],3356.0
48227,[ 40.697787 -73.973736],242.0
72754,[ 40.71748752 -74.0104554 ],276.0
387630,[ 40.768254 -73.988639],513.0
623009,[ 40.6750705  -73.98775226],3373.0
600937,[ 40.79406661 -73.96286845],3320.0
264315,[ 40.75660359 -73.9979009 ],448.0
469630,[ 40.69072549 -73.95133465],3056.0
341414,[ 40.751551 -73.993934],490.0
477085,[ 40.71469 -73.95739],3085.0
29544,[ 40.7381765  -73.97738662],174.0
600037,[ 40.7839636 -73.9471673],3318.0
141427,[ 40.7037992  -74.00838676],337.0
266424,[ 40.76461837 -73.98789473],449.0
483394,[ 40.7169811  -73.94485918],3094.0
355690,[ 40.73726186 -73.99238967],496.0
344756,[ 40.74096374 -73.98602213],491.0
39745,[ 40.69597683 -73.99014892],232.0
153580,[ 40.70530954 -74.00612572],351.0
96653,[ 40.734232 -73.986923],297.0
690614,[ 40.8143256 -73.9590255],3547.0
292376,[ 40.75513557 -73.98658032],465.0
596299,[ 40.7817212 -73.94594  ],3312.0
672540,[ 40.72494672 -74.00165856],3467.0
52013,[ 40.71870987 -74.0090009 ],249.0
642315,[ 40.6750207  -73.97111473],3418.0
549755,[ 40.73997354 -74.00513873],3224.0
456290,[ 40.72165481 -74.00234737],2010.0
331899,[ 40.75038009 -73.98338988],485.0
492918,[ 40.73266 -73.95826],3116.0
532808,[ 40.77579377 -73.97620574],3165.0
100620,[ 40.72362738 -73.99949601],303.0
636592,[ 40.6881529  -73.99520919],3408.0
538806,[ 40.78499979 -73.97283406],3170.0
688308,[ 40.802692 -73.96295 ],3538.0
66776,[ 40.72368361 -73.97574813],266.0
515318,[ 40.77565541 -73.95068615],3148.0
7754,[ 40.72710258 -74.00297088],128.0
700872,[ 40.7577284 -73.9166368],3597.0
92472,[ 40.71406667 -73.99293911],295.0
666207,[ 40.75763228 -73.96930575],3459.0
638457,[ 40.6864442  -73.98759104],3410.0
433219,[ 40.74144387 -73.97536082],536.0
165668,[ 40.70717936 -74.00887308],360.0
711203,[ 40.74286877 -73.98918629],3641.0
312037,[ 40.74394314 -73.97966069],476.0
462229,[ 40.75968085 -73.97031366],2023.0
17283,[ 40.72917025 -73.99810231],161.0
98032,[ 40.72217444 -73.98368779],301.0
444043,[ 40.736502   -73.97809472],545.0
392645,[ 40.751581 -73.97791 ],517.0
694795,[ 40.7569332 -73.9262231],3568.0
499835,[ 40.76350532 -73.97109243],3132.0
371781,[ 40.73827428 -73.98751968],503.0
119722,[ 40.711066 -74.009447],319.0
552178,[ 40.7678008  -73.96592081],3231.0
48837,[ 40.688226 -73.979382],243.0
391531,[ 40.76009437 -73.99461843],515.0
702544,[ 40.770845 -73.934171],3610.0
231646,[ 40.71754834 -74.01322069],426.0
234419,[ 40.701907 -74.013942],427.0
473153,[ 40.70691254 -73.95441667],3073.0
615061,[ 40.7691572  -73.96703464],3359.0
501044,[ 40.76312584 -73.96526895],3134.0
102485,[ 40.70463334 -74.01361706],304.0
111742,[ 40.7172274  -73.98802084],311.0
702049,[ 40.7658346 -73.9265474],3605.0
643510,[ 40.6843549  -73.98901629],3421.0
490178,[ 40.72708584 -73.95299117],3110.0
16503,[ 40.69089272 -73.99612349],157.0
537138,[ 40.78472675 -73.96961715],3168.0
703269,[ 40.768692  -73.9249574],3614.0
15703,[ 40.71473993 -74.00910627],152.0
639218,[ 40.6853761  -73.98302136],3412.0
176305,[ 40.73224119 -74.00026394],369.0
172017,[ 40.693261 -73.968896],366.0
277886,[ 40.76695317 -73.98169333],457.0
698585,[ 40.6707767 -73.9576801],3584.0
495585,[ 40.74524768 -73.94733276],3121.0
543396,[ 40.77748046 -73.98288594],3175.0
430436,[ 40.75299641 -73.98721619],533.0
86976,[ 40.6845683  -73.95881081],289.0
382049,[ 40.73912601 -73.97973776],507.0
517227,[ 40.7728384  -73.94989233],3151.0
386551,[ 40.7454973  -74.00197139],509.0
705583,[ 40.72804857 -73.9788115 ],3632.0
351599,[ 40.76269882 -73.99301222],495.0
222358,[ 40.7158155  -73.99422366],412.0
414939,[ 40.75594159 -74.0021163 ],525.0
485959,[ 40.72153267 -73.95782357],3103.0
497614,[ 40.75110165 -73.94073717],3129.0
494120,[ 40.73555 -73.95284],3118.0
503504,[ 40.77282817 -73.96685276],3137.0
305255,[ 40.7457121  -73.98194829],472.0
116995,[ 40.72453734 -73.98185424],317.0
220534,[ 40.72066442 -73.98517977],410.0
168393,[ 40.75172632 -73.98753523],362.0
682426,[ 40.7699176 -73.9184057],3516.0
126762,[ 40.72953837 -73.98426726],326.0
542493,[ 40.77750703 -73.98888588],3173.0
662732,[ 40.68680821 -73.98036182],3455.0
494983,[ 40.74232744 -73.95411749],3119.0
612519,[ 40.668132   -73.97363831],3354.0
472812,[ 40.70538077 -73.94976519],3071.0
547395,[ 40.69878 -73.99712],3180.0
327859,[ 40.73223272 -73.98889957],483.0
628643,[ 40.804213   -73.96699104],3383.0
639951,[ 40.68094472 -73.97567332],3414.0
170442,[ 40.70834698 -74.01713445],363.0
108965,[ 40.7149787 -74.013012 ],309.0
348117,[ 40.75019995 -73.99093085],492.0
545425,[ 40.77452835 -73.98753759],3176.0
697197,[ 40.7628138 -73.9342862],3577.0
207180,[ 40.72019576 -73.98997825],401.0
659647,[ 40.76132983 -73.97982001],3443.0
630061,[ 40.6830456  -74.00348559],3389.0
598965,[ 40.7989937  -73.96621738],3316.0
184881,[ 40.73401143 -74.00293877],380.0
480747,[ 40.7190095  -73.95852515],3092.0
584984,[ 40.79017948 -73.97288918],3289.0
469429,[ 40.6883337 -73.950916 ],3055.0
615210,[ 40.7829391 -73.9786517],3360.0
604011,[ 40.6829151  -73.99318208],3329.0
474262,[ 40.70877084 -73.95095259],3077.0
575090,[ 40.72706363 -73.99662137],3260.0
700555,[ 40.761584 -73.925921],3593.0
156384,[ 40.71602118 -73.99974372],355.0
505495,[ 40.77140426 -73.9535166 ],3140.0
627653,[ 40.680611   -73.99475825],3382.0
580430,[ 40.78307 -73.95939],3282.0
470252,[ 40.6933982 -73.939877 ],3059.0
182596,[ 40.749156 -73.9916  ],379.0
707391,[ 40.75462324 -73.99516761],3635.0
631832,[ 40.6763947  -73.99869893],3397.0
667395,[ 40.75118387 -73.97138715],3462.0
717934,[ 40.74102151 -74.00138497],3660.0
301168,[ 40.76344058 -73.98268129],469.0
558902,[ 40.75898481 -73.99379969],3236.0
77572,[ 40.7643971  -73.97371465],281.0
35368,[ 40.7546011  -73.97187885],228.0
2938,[ 40.68382604 -73.97632328],83.0
137138,[ 40.72903917 -73.99404649],335.0
689210,[ 40.81      -73.9551508],3540.0
47315,[ 40.68981035 -73.97493121],241.0
680510,[ 40.8045555 -73.9396861],3507.0
484341,[ 40.72481256 -73.94752622],3100.0
382417,[ 40.76341379 -73.99667444],508.0
24921,[ 40.73971301 -73.99456405],168.0
230910,[ 40.76584941 -73.98690506],423.0
683204,[ 40.808442  -73.9452087],3518.0
466768,[ 40.67890679 -73.94142771],3041.0
609313,[ 40.67514684 -73.97523209],3346.0
69223,[ 40.71910537 -73.99973337],268.0
470673,[ 40.69539817 -73.94954908],3062.0
469311,[ 40.6894932 -73.942061 ],3054.0
693885,[ 40.6765198 -73.9596082],3562.0
619002,[ 40.8021174  -73.96818053],3366.0
467521,[ 40.6823687 -73.944118 ],3047.0
624689,[ 40.76471852 -73.9622207 ],3376.0
274657,[ 40.7597108  -73.97402311],456.0
247479,[ 40.68216564 -73.95399026],436.0
648781,[ 40.68506807 -73.9779076 ],3429.0
473672,[ 40.70767788 -73.94016171],3074.0
672939,[ 40.7303801 -73.9747502],3468.0
556745,[ 40.75216528 -73.97992194],3235.0
263025,[ 40.76370739 -73.9851615 ],447.0
474131,[ 40.70870368 -73.9448625 ],3076.0
154311,[ 40.68539567 -73.97431458],353.0
296558,[ 40.68312489 -73.97895137],467.0
42226,[ 40.7284186  -73.98713956],236.0
512299,[ 40.77862688 -73.95772073],3145.0
588764,[ 40.78245418 -73.94891962],3296.0
582976,[ 40.78839 -73.9747 ],3285.0
145978,[ 40.73649403 -73.99704374],345.0
646565,[ 40.72430527 -73.99600983],3427.0
120573,[ 40.717571 -74.005549],320.0
662331,[ 40.71036854 -73.94705951],3454.0
468553,[ 40.6851532 -73.94111  ],3050.0
715499,[ 40.72307749 -73.98583621],3656.0
190459,[ 40.735238 -74.000271],383.0
249378,[ 40.72779126 -73.98564945],438.0
177310,[ 40.69331716 -73.95381995],373.0
627127,[ 40.6777287  -73.99364123],3381.0
552997,[ 40.68962189 -73.98304269],3232.0
637462,[ 40.6867443  -73.99063168],3409.0
587374,[ 40.7835016 -73.955327 ],3294.0
633661,[ 40.6902375  -73.99203074],3402.0
446518,[ 40.70255088 -73.98940236],2000.0
513192,[ 40.77573034 -73.9567526 ],3146.0
526310,[ 40.78018397 -73.97728533],3161.0
684758,[ 40.7747878 -73.9125551],3526.0
618823,[ 40.6703837  -73.97839676],3365.0
560065,[ 40.7739139  -73.95439535],3238.0
19673,[ 40.75323098 -73.97032517],164.0
116671,[ 40.70355377 -74.00670227],315.0
524639,[ 40.77896784 -73.97374737],3160.0
199589,[ 40.69221589 -73.9842844 ],390.0
689374,[ 40.8086249 -73.9596214],3542.0
225449,[ 40.68753406 -73.97265183],416.0
438135,[ 40.71534825 -73.96024116],539.0
678205,[ 40.7949879 -73.9333349],3497.0
677690,[ 40.797911 -73.9423  ],3494.0
60989,[ 40.70122128 -74.01234218],259.0
273809,[ 40.75001986 -73.96905301],455.0
124729,[ 40.689888 -73.981013],324.0
699805,[ 40.7633589 -73.9286471],3592.0
44679,[ 40.7361967  -74.00859207],238.0
179211,[ 40.72243797 -74.00566443],377.0
218926,[ 40.6906495  -73.95643107],409.0
254792,[ 40.756014 -73.967416],441.0
497075,[ 40.74718234 -73.9432635 ],3126.0
201691,[ 40.695065 -73.987167],392.0
21392,[ 40.7489006  -73.97604882],167.0
551496,[ 40.78275 -73.97137],3226.0
695448,[ 40.7557327 -73.9236611],3570.0
407169,[ 40.75714758 -73.97207836],522.0
520341,[ 40.77518615 -73.94446054],3157.0
470325,[ 40.69425403 -73.94626915],3060.0
10634,[ 40.71625008 -74.0091059 ],146.0
33959,[ 40.70277159 -73.99383605],217.0
487551,[ 40.72311651 -73.95212324],3107.0
229404,[ 40.770513 -73.988038],422.0
632709,[ 40.67260298 -73.98983002],3399.0
591611,[ 40.7969347  -73.96434123],3302.0
114510,[ 40.69610226 -73.96751037],313.0
705083,[ 40.8109494 -73.9634   ],3623.0
630383,[ 40.79329668 -73.9432083 ],3390.0
517369,[ 40.76873687 -73.96119945],3152.0
624049,[ 40.799484 -73.955613],3374.0
645545,[ 40.7892105  -73.94370784],3425.0
141652,[ 40.72580614 -73.97422494],339.0
151324,[ 40.71850211 -73.98329859],349.0
34845,[ 40.73781509 -73.99994661],223.0
11804,[ 40.7208736  -73.98085795],150.0
703174,[ 40.745038 -73.957539],3613.0
584074,[ 40.778301  -73.9488134],3288.0
698947,[ 40.6691783 -73.9554162],3585.0
200245,[ 40.69760127 -73.99344559],391.0
607098,[ 40.6765304  -73.97846879],3339.0
538345,[ 40.78720869 -73.98128127],3169.0
177186,[ 40.69454609 -73.95801365],372.0
178330,[ 40.70862144 -74.00722156],376.0
595851,[ 40.68763155 -74.0016256 ],3311.0
702699,[ 40.7449067 -73.9534573],3611.0
564449,[ 40.68035608 -73.9476791 ],3249.0
629917,[ 40.6828003  -73.99990419],3388.0
198957,[ 40.71044554 -73.96525063],389.0
483449,[ 40.71929301 -73.94500379],3095.0
205023,[ 40.68415748 -73.96922273],397.0
488956,[ 40.72606 -73.95621],3109.0
495326,[ 40.74161 -73.96044],3120.0
667264,[ 40.71485151 -74.01122332],3461.0
692031,[ 40.801694 -73.957145],3553.0
697473,[ 40.672695 -73.954131],3579.0
228034,[ 40.70224  -73.982578],418.0
635271,[ 40.6704922  -73.98541675],3404.0
714665,[ 40.75186951 -73.9334929 ],3654.0
74098,[ 40.707873 -74.00167 ],279.0
699136,[ 40.6686744 -73.9618148],3587.0
422726,[ 40.74290902 -73.97706058],528.0
63064,[ 40.6917823 -73.9737299],262.0
545795,[ 40.7867947 -73.977112 ],3177.0
634798,[ 40.6705135  -73.98876585],3403.0
699634,[ 40.7659   -73.930819],3591.0
518084,[ 40.76440023 -73.96648977],3155.0
548984,[ 40.75899656 -73.96865398],3223.0
573384,[ 40.74937024 -73.99923384],3259.0
617982,[ 40.7904828  -73.95033068],3363.0
144955,[ 40.69794    -73.96986848],343.0
154948,[ 40.69363137 -73.96223558],354.0
596818,[ 40.6663181 -73.9854617],3313.0
145429,[ 40.6851443  -73.95380904],344.0
541938,[ 40.7785669  -73.97754961],3172.0
618317,[ 40.6751622 -73.9814832],3364.0
684624,[ 40.776165  -73.9153175],3525.0
468285,[ 40.68488 -73.96304],3049.0
540519,[ 40.78524672 -73.97667321],3171.0
714242,[ 40.69795032 -73.9707756 ],3648.0
303950,[ 40.71286844 -73.95698119],471.0
2538,[ 40.71117416 -74.00016545],82.0
617752,[ 40.7781314  -73.96069399],3362.0
467004,[ 40.6794268 -73.9298911],3042.0
682069,[ 40.774591 -73.918544],3515.0
582117,[ 40.7814107  -73.95595908],3284.0
202387,[ 40.72299208 -73.97995466],393.0
633000,[ 40.7961535  -73.94782145],3400.0
642453,[ 40.6792788  -73.98154004],3419.0
473008,[ 40.70583339 -73.94644578],3072.0
642884,[ 40.6802133  -73.98432695],3420.0
492327,[ 40.73232194 -73.9550858 ],3115.0
68556,[ 40.75097711 -73.98765428],267.0
590138,[ 40.66514682 -73.97637606],3300.0
700768,[ 40.6642406 -73.9574686],3596.0
684370,[ 40.7729   -73.916142],3523.0
122230,[ 40.696192 -73.991218],322.0
570346,[ 40.72771408 -74.01129574],3256.0
57076,[ 40.73532427 -73.99800419],254.0
619999,[ 40.7922553  -73.95249933],3367.0
598353,[ 40.6847514  -73.99917254],3315.0
229115,[ 40.69573398 -73.97129668],421.0
476427,[ 40.71167351 -73.95141312],3082.0
585451,[ 40.7779453 -73.946041 ],3290.0
699308,[ 40.7671863 -73.9373554],3588.0
690868,[ 40.678045 -73.962408],3549.0
497272,[ 40.75052534 -73.94594845],3128.0
510441,[ 40.7612274  -73.96094022],3142.0
59323,[ 40.71939226 -74.00247214],257.0
695117,[ 40.6758324 -73.9561677],3569.0
472049,[ 40.7016657 -73.9437303],3067.0
603061,[ 40.67434    -74.00194698],3326.0
685491,[ 40.8107922 -73.9430681],3529.0
470633,[ 40.69622937 -73.94371094],3061.0
476684,[ 40.71247661 -73.94100005],3083.0
600434,[ 40.666287   -73.98895053],3319.0
4011,[ 40.68676793 -73.95928168],120.0
679290,[ 40.7954121 -73.9441232],3502.0
3635,[ 40.69608941 -73.97803415],119.0
504086,[ 40.77118288 -73.96409422],3139.0
470095,[ 40.69237074 -73.93705428],3058.0
614730,[ 40.6711978  -73.97484126],3358.0
713815,[ 40.67581623 -74.01488185],3644.0
604845,[ 40.68199044 -73.99079025],3332.0
601718,[ 40.668603  -73.9904394],3322.0
635860,[ 40.679098   -73.98765475],3407.0
631234,[ 40.6783563  -74.00014502],3396.0
604371,[ 40.8013434  -73.97114574],3331.0
467256,[ 40.6800105 -73.938475 ],3044.0
461861,[ 40.759107 -73.959223],2022.0
635381,[ 40.6704836  -73.98208968],3405.0
134129,[ 40.71219906 -73.97948148],332.0
272437,[ 40.75455731 -73.96592976],454.0
595309,[ 40.663779   -73.98396846],3310.0
611691,[ 40.7869946  -73.94164802],3351.0
603018,[ 40.7849032 -73.950503 ],3325.0
610291,[ 40.6729679  -73.97087984],3349.0
677328,[ 40.79747 -73.93504],3491.0
493734,[ 40.73564 -73.95866],3117.0
607196,[ 40.6753274 -74.0100698],3340.0
468838,[ 40.686312 -73.935775],3052.0
699427,[ 40.7668    -73.9347774],3589.0
620055,[ 40.6728155  -73.98352355],3368.0
46817,[ 40.69196566 -73.9813018 ],239.0
703485,[ 40.748     -73.9460927],3615.0
703781,[ 40.7656251 -73.9136695],3616.0
685121,[ 40.80698  -73.941747],3527.0
714016,[ 40.74128309 -73.93725872],3647.0
699062,[ 40.7638753 -73.9364848],3586.0
696572,[ 40.76108  -73.930562],3575.0
221662,[ 40.72228087 -73.97668709],411.0
471451,[ 40.70029511 -73.95032283],3065.0
629575,[ 40.7934337  -73.94945003],3387.0
307722,[ 40.72110063 -73.9919254 ],473.0
495892,[ 40.74469738 -73.93540375],3123.0
609875,[ 40.677236 -74.015665],3348.0
682916,[ 40.7711528 -73.9170074],3517.0
204848,[ 40.68034242 -73.95576894],396.0
673186,[ 40.73181402 -73.95995021],3469.0
613005,[ 40.76800889 -73.96845281],3355.0
607963,[ 40.7997568  -73.96211287],3343.0
633224,[ 40.6724811  -73.99331394],3401.0
688460,[ 40.8067581 -73.9607082],3539.0
629263,[ 40.6809591  -73.99905709],3386.0
33352,[ 40.70037867 -73.99548059],216.0
472470,[ 40.70411791 -73.94818595],3069.0
486325,[ 40.724055 -73.955736],3105.0
595094,[ 40.7859201  -73.94860294],3309.0
718568,[ 40.66643931 -73.96055639],3661.0
680664,[ 40.809725 -73.953149],3508.0
480371,[ 40.71764 -73.94882],3091.0
689345,[ 40.813358 -73.956461],3541.0
708893,[ 40.68323865 -73.96599591],3637.0
704510,[ 40.7713615 -73.9246145],3619.0
472555,[ 40.70510918 -73.94407279],3070.0
472159,[ 40.7031724 -73.940636 ],3068.0
692721,[ 40.7527085 -73.9397405],3556.0
601980,[ 40.7981856 -73.9605909],3323.0
621616,[ 40.67461342 -73.98501143],3371.0
603147,[ 40.7877214  -73.94728331],3327.0
607470,[ 40.795346 -73.96186 ],3341.0
601671,[ 40.6831164  -73.99785267],3321.0
679587,[ 40.8029263 -73.9379   ],3504.0
73567,[ 40.69766564 -73.98476437],278.0
206366,[ 40.71926081 -73.98178024],400.0
490802,[ 40.72906 -73.95779],3112.0
471642,[ 40.69957608 -73.94708417],3066.0
218030,[ 40.700469 -73.991454],407.0
447557,[ 40.699773 -73.979927],2001.0
697862,[ 40.6737236 -73.9631611],3580.0
685881,[ 40.78145   -73.9183302],3532.0
655304,[ 40.79313481 -73.97700369],3437.0
516588,[ 40.77536905 -73.94803392],3150.0
676710,[ 40.71069995 -74.00354147],3489.0
512012,[ 40.77677702 -73.9590097 ],3144.0
496034,[ 40.74731 -73.95451],3124.0
661169,[ 40.72146256 -73.94800901],3449.0
700683,[ 40.760339  -73.9222427],3595.0
694641,[ 40.7627442 -73.9391141],3567.0
599252,[ 40.6686273  -73.98700053],3317.0
656054,[ 40.77224854 -73.95842135],3438.0
475244,[ 40.70924826 -73.96063149],3078.0
640657,[ 40.6793307  -73.97519523],3415.0
323532,[ 40.71260486 -73.96264403],481.0
696728,[ 40.6767   -73.969024],3576.0
605225,[ 40.6772744  -73.98282002],3335.0
704066,[ 40.7671    -73.9169858],3617.0
678002,[ 40.7923272 -73.9383   ],3496.0
50542,[ 40.73535398 -74.00483091],247.0
429484,[ 40.710451 -73.960876],532.0
467821,[ 40.68402 -73.94977],3048.0
478896,[ 40.7160751 -73.952029 ],3088.0
701573,[ 40.763154 -73.920827],3602.0
690219,[ 40.8120562 -73.9612547],3545.0
677250,[ 40.796879 -73.937261],3490.0
650709,[ 40.71907891 -73.9422369 ],3430.0
691311,[ 40.795508 -73.941606],3551.0
621309,[ 40.7727966  -73.95577801],3370.0
228905,[ 40.68764484 -73.96968902],420.0
475781,[ 40.711863 -73.944024],3081.0
678819,[ 40.8006721 -73.9349   ],3499.0
497237,[ 40.74966 -73.9521 ],3127.0
678892,[ 40.7989445 -73.944846 ],3500.0
679079,[ 40.8014866 -73.9442507],3501.0
485639,[ 40.72179134 -73.9504154 ],3102.0
694010,[ 40.757186 -73.932719],3563.0
589267,[ 40.6686627  -73.97988067],3297.0
704723,[ 40.80756  -73.939182],3622.0
692905,[ 40.75742  -73.945133],3557.0
693217,[ 40.6794388 -73.9680438],3558.0
690121,[ 40.6804836 -73.9646795],3544.0
630939,[ 40.6812117  -74.00860912],3392.0
630994,[ 40.6794327  -74.00785041],3393.0
626568,[ 40.7903051  -73.94755757],3379.0
681599,[ 40.8078316 -73.949373 ],3510.0
685676,[ 40.8125511 -73.9492286],3531.0
679639,[ 40.805726 -73.936322],3505.0
467480,[ 40.682601 -73.938037],3046.0
624573,[ 40.7699426  -73.96060712],3375.0
675822,[ 40.65708867 -74.00870204],3478.0
700963,[ 40.7595701 -73.9142678],3598.0
469904,[ 40.69128258 -73.9452416 ],3057.0
546859,[ 40.78414472 -73.98362492],3178.0
608227,[ 40.679043 -74.011169],3344.0
686509,[ 40.805159 -73.954692],3534.0
592282,[ 40.668127   -73.98377641],3304.0
660640,[ 40.76703432 -73.9562273 ],3447.0
171217,[ 40.68223166 -73.9614583 ],365.0
677795,[ 40.7945663 -73.9362541],3495.0
594825,[ 40.6861758  -73.99645295],3308.0
662163,[ 40.71335226 -73.94910336],3453.0
547263,[ 40.698617 -73.941342],3179.0
609678,[ 40.6773429  -74.01275056],3347.0
486659,[ 40.72325 -73.94308],3106.0
685995,[ 40.8114323 -73.9518776],3533.0
467181,[ 40.6814598 -73.934903 ],3043.0
702316,[ 40.7682    -73.9322662],3607.0
478368,[ 40.71413311 -73.95234386],3087.0
685227,[ 40.7713937 -73.9077436],3528.0
534379,[ 40.78057799 -73.98562431],3166.0
631146,[ 40.6769993  -74.00647134],3394.0
223766,[ 40.70281858 -73.98765762],414.0
604320,[ 40.6725058  -74.00494695],3330.0
679740,[ 40.8013066 -73.9398167],3506.0
704345,[ 40.7485   -73.941275],3618.0
9981,[ 40.69839895 -73.98068914],144.0
652328,[ 40.79025417 -73.9771834 ],3434.0
71906,[ 40.68691865 -73.976682  ],274.0
471049,[ 40.69527008 -73.95238108],3063.0
468975,[ 40.6900815 -73.947915 ],3053.0
701729,[ 40.7647    -73.9240312],3603.0
704686,[ 40.7739825 -73.9309134],3621.0
701896,[ 40.6630619 -73.9538746],3604.0
694248,[ 40.7601853 -73.9362726],3564.0
630676,[ 40.7892529  -73.93956237],3391.0
712545,[ 40.7872852  -73.95012259],3642.0
498284,[ 40.75325964 -73.94335788],3130.0
718617,[ 40.67716489 -73.97382796],3663.0
257377,[ 40.70853074 -73.96408963],443.0
606679,[ 40.7862586  -73.94552579],3338.0
698279,[ 40.6721683 -73.9609   ],3582.0
690488,[ 40.6791944 -73.9587903],3546.0
602520,[ 40.6685455  -73.99333264],3324.0
702473,[ 40.7692475 -73.9354504],3609.0
694479,[ 40.7596276 -73.9321455],3566.0
698466,[ 40.6716493 -73.9631145],3583.0
604968,[ 40.6747055 -74.0075572],3333.0
684304,[ 40.7701477 -73.9120938],3522.0
702191,[ 40.74252  -73.948852],3606.0
685603,[ 40.7787185 -73.9145645],3530.0
679397,[ 40.80295  -73.942954],3503.0
681659,[ 40.802535  -73.9532423],3511.0
684491,[ 40.7774552 -73.9225403],3524.0
686980,[ 40.804038 -73.945925],3535.0
705304,[ 40.666563 -73.956741],3631.0
591757,[ 40.6849894  -73.99440329],3303.0
698058,[ 40.6740123 -73.9671457],3581.0
645090,[ 40.791976 -73.945993],3424.0
612261,[ 40.67267243 -74.00879525],3352.0
697392,[ 40.6741806 -73.9564947],3578.0
701291,[ 40.6627059 -73.9569115],3601.0
677511,[ 40.799139  -73.9389152],3493.0
606455,[ 40.67363551 -74.01195556],3337.0
607695,[ 40.6777748 -74.0094613],3342.0
547615,[ 40.743   -73.93561],3221.0
705163,[ 40.7525758 -73.9364281],3625.0
675567,[ 40.65539977 -74.01062787],3477.0
631190,[ 40.6763744  -74.00324957],3395.0
699531,[ 40.6679411 -73.9588   ],3590.0
714594,[ 40.75820465 -73.9283216 ],3653.0
696254,[ 40.6769694 -73.96579  ],3574.0
681858,[ 40.774645 -73.923706],3513.0
692328,[ 40.7552433 -73.9485678],3554.0
693509,[ 40.7531106 -73.9279917],3561.0
696161,[ 40.7580583 -73.9242751],3573.0
116816,[ 40.70955958 -74.00653609],316.0
451159,[ 40.70531194 -73.97100056],2005.0
657498,[ 40.752957 -74.00264 ],3441.0
713988,[ 40.76315482 -73.9398551 ],3646.0
714508,[ 45.50626419 -73.56890559],3650.0
693388,[ 40.754876 -73.934326],3560.0
714465,[ 40.81439444 -73.95324737],3649.0
473792,[ 40.70708701 -73.95796783],3075.0
693298,[ 40.7576314 -73.9391224],3559.0
694385,[ 40.7614376 -73.9411265],3565.0
702927,[ 40.7703743 -73.9286078],3612.0
677433,[ 40.8005385 -73.9419949],3492.0
652091,[ 40.66906014 -73.99463654],3432.0
705271,[ 40.80949535 -73.94776493],3629.0
681991,[ 40.7767   -73.927631],3514.0
704639,[ 40.7519071 -73.9479119],3620.0
678780,[ 40.7974772 -73.9311847],3498.0
681831,[ 40.7747175 -73.9337894],3512.0
564702,[ 40.71690978 -73.98383796],3250.0
560679,[ 40.64653837 -74.01658773],3239.0
700600,[ 40.6661649 -73.9593484],3594.0
675865,[ 40.725208 -73.974724],3485.0
771716,[ 40.76302594 -73.97209525],3457.0
840959,[ 40.7612939  -73.91691685],3662.0
818513,[ 40.7423737 -73.9566   ],3608.0
788863,[ 40.65659567 -74.00849283],3487.0
975900,[ 40.72395678 -73.94984365],3668.0
976472,[ 40.70140317 -73.9867267 ],3674.0
976116,[ 40.77477945 -73.95427465],3671.0
789325,[ 40.78813 -73.95206],3299.0
976032,[ 40.67630358 -74.00314048],3669.0
976454,[ 40.66976709 -73.99474382],3672.0
625172,[ 40.66979964 -73.99497986],3040.0
755070,[ 40.71644423 -73.98233056],3245.0
1267515,[ 40.8025566 -73.9490782],3628.0
1304625,[ 40.67759207 -73.95563722],3673.0
1306994,[ 40.75412081 -73.98025185],3680.0
1203802,[ 40.6851256  -74.02535319],3479.0
993402,[ 40.69231661 -74.01486576],3254.0
963560,[ 40.686931 -74.016966],3182.0
1823854,[ 40.73756121 -74.00398269],3684.0
1821903,[ 40.71015471 -73.98453534],3683.0
1809741,[ 40.76642553 -73.92062902],3666.0
1824047,[ 40.66065237 -73.96459043],3685.0
1818522,[ 40.67583294 -74.01472628],3676.0
1818047,[ 40.7845968  -73.94968539],3675.0
1824676,[ 40.7394482  -74.00507033],3686.0
1383369,[ 40.75903008 -73.9938587 ],3240.0
1952238,[ 40.75792021 -73.96638215],3688.0
1951765,[ 40.74322681 -73.97449784],3687.0
250797,[ 40.68683208 -73.9796772 ],298.0
1953053,[ 40.79904139 -73.9664948 ],3689.0
1777606,[ 45.50636405 -73.56946349],3488.0
1953102,[ 40.69999748 -73.97440128],3692.0
1953093,[ 40.76408932 -73.91065121],3691.0
1913094,[ 40.72686952 -73.98919031],3695.0
1911473,[ 40.72248189 -73.95921931],3693.0
1910405,[ 40.71334184 -74.00935516],3690.0
1298070,[ 40.76817547 -73.95910263],3153.0
1913324,[ 40.77515953 -73.98918696],3697.0
1148320,[ 40.66290777 -73.999722  ],3036.0
1523131,[ 40.76360468 -73.98917958],3699.0
1395009,[ 40.863 -73.902],
1577581,[ 40.72840059 -73.99968781],3705.0
1563183,[ 40.70831794 -74.00504082],3701.0
748306,[ 40.77940609 -73.95333588],3700.0
1820376,[ 40.7568001  -73.98291153],493.0
1485679,[ 40.74375241 -73.94176483],3704.0
1776041,[ 40.77314236 -73.95856158],3154.0
1479484,[ 40.8038654 -73.9559308],3630.0
1629173,[ 40.72966729 -73.98067966],3711.0
1315041,[ 40.73804614 -73.99642959],3709.0
1564086,[ 40.75469175 -73.99740189],3712.0
1243169,[ 40.71816969 -73.95520136],3715.0
867925,[ 40.70684203 -73.9544354 ],3714.0
1114277,[ 40.7535992  -73.93795609],3716.0
70386,[ 40.67013328 -73.99230838],3652.0
261830,[ 40.72467721 -73.98783413],428.0
1676,[ 40.7127742 -74.0364857],3214.0
118435,[ 40.71649 -74.04105],3481.0
157805,[ 40.7141454 -74.0335519],3184.0
471510,[ 40.71241882 -74.03852552],3267.0
1199178,[ 40.71958612 -74.04311746],3186.0
150846,[ 40.71848892 -74.04772662],3213.0
1099632,[ 40.7162469 -74.0334588],3183.0
952170,[ 40.72759597 -74.04424731],3203.0
83500,[ 40.71458404 -74.04281706],3276.0
1544616,[ 40.70965083 -74.06860113],3426.0
1547756,[ 40.74871595 -74.0404433 ],3198.0
1157036,[ 40.7287448 -74.0321082],3199.0
684047,[ 40.7182113 -74.0836394],3191.0
592491,[ 40.67233267 -73.99706125],3645.0
1766250,[ 40.7242941 -74.0354826],3638.0
307913,[ 40.72522577 -73.97468617],3651.0
1846896,[ 40.71346383 -74.06285852],3268.0
1509832,[ 40.7112423 -74.0557013],3192.0
1692993,[ 40.71517768 -74.03768331],3681.0
1330501,[ 40.7443187 -74.0439909],3196.0
947020,[ 40.7192517 -74.034234 ],3639.0
415955,[ 40.7211236  -74.03805095],3187.0
908833,[ 40.72163014 -74.04996783],3279.0
